NSDL Scheme Code,Scheme Name,Old Direct Plan - Base TER (%),New Direct Plan - Base TER (%),TER Date (Change),TER Reduction (%)
360O/O/E/FOC/14/08/0003,360 ONE Focused Fund,0.66,0.65,2026-02-01,0.01
ABKS/O/E/FCF/25/11/0002,Abakkus Flexi Cap Fund,0.34,0.32,2026-02-01,0.02
ABSL/O/D/LOW/98/07/0007,Aditya Birla Sun Life Low Duration Fund,0.37,0.36,2026-02-01,0.01
ABSL/O/D/MDF/09/02/0038,Aditya Birla Sun Life Medium Term Plan,0.7,0.69,2026-02-01,0.01
ABSL/O/D/SDF/02/04/0016,Aditya Birla Sun Life Short Term Fund,0.32,0.31,2026-02-01,0.01
ABSL/O/E/DYF/03/01/0020,Aditya Birla Sun Life Dividend Yield Fund,1.11,1.1,2026-02-01,0.01
ABSL/O/E/ELS/96/01/0004,Aditya Birla Sun Life ELSS Tax Saver Fund,0.83,0.82,2026-02-01,0.01
ABSL/O/E/FCF/98/08/0008,Aditya Birla Sun Life Flexi Cap Fund,0.69,0.68,2026-02-01,0.01
ABSL/O/E/FOC/05/05/0025,Aditya Birla Sun Life Focused Fund,0.71,0.7,2026-02-01,0.01
ABSL/O/E/LMF/95/02/0002,Aditya Birla Sun Life Large & Mid Cap Fund,0.89,0.88,2026-02-01,0.01
ABSL/O/E/MCF/21/03/0093,Aditya Birla Sun Life Multi-Cap Fund,0.61,0.6,2026-02-01,0.01
ABSL/O/E/MIF/02/09/0017,Aditya Birla Sun Life MIDCAP Fund,0.82,0.83,2026-02-01,-0.01
ABSL/O/E/SCF/06/02/0028,Aditya Birla Sun Life Small Cap Fund,0.74,0.73,2026-02-01,0.01
ABSL/O/E/SEC/05/05/0026,Aditya Birla Sun Life Consumption Fund,0.63,0.62,2026-02-01,0.01
ABSL/O/E/SEC/06/01/0027,Aditya Birla Sun Life Infrastructure Fund,1.18,1.16,2026-02-01,0.02
ABSL/O/E/SEC/13/11/0046,Aditya Birla Sun Life Banking and Financial Services Fund,0.81,0.8,2026-02-01,0.01
ABSL/O/E/SEC/19/06/0086,Aditya Birla Sun Life PSU Equity Fund,0.47,0.46,2026-02-01,0.01
ABSL/O/E/SEC/20/03/0088,Aditya Birla Sun Life ESG Integration Strategy Fund,1.15,1.14,2026-02-01,0.01
ABSL/O/E/SEC/20/07/0092,Aditya Birla Sun Life Special Opportunities Fund,1.05,1.03,2026-02-01,0.02
ABSL/O/E/SEC/21/08/0101,Aditya Birla Sun Life Business Cycle Fund,0.95,0.94,2026-02-01,0.01
ABSL/O/E/SEC/98/11/0009,Aditya Birla Sun Life MNC Fund,1.08,1.07,2026-02-01,0.01
ABSL/O/E/THE/23/07/0149,Aditya Birla Sun Life Transportation and Logistics Fund,0.64,0.63,2026-02-01,0.01
ABSL/O/E/THE/24/01/0158,Aditya Birla Sun Life Quant Fund,0.52,0.53,2026-02-01,-0.01
ABSL/O/E/THE/24/10/0166,Aditya Birla Sun Life Conglomerate Fund,0.55,0.56,2026-02-01,-0.01
ABSL/O/E/VAF/07/07/0031,Aditya Birla Sun Life Value Fund,0.83,0.82,2026-02-01,0.01
ABSL/O/H/BHF/95/01/0001,Aditya Birla Sun Life Equity Hybrid '95 Fund,0.89,0.88,2026-02-01,0.01
ABSL/O/H/DAA/00/03/0014,Aditya Birla Sun Life Balanced Advantage Fund,0.53,0.52,2026-02-01,0.01
ABSL/O/H/ESF/14/10/0047,Aditya Birla Sun Life Equity Savings Fund,0.42,0.41,2026-02-01,0.01
ABSL/O/H/MAA/22/08/0132,Aditya Birla Sun Life Multi Asset Allocation Fund,0.45,0.44,2026-02-01,0.01
ABSL/O/O/FOD/06/05/0029,Aditya Birla Sun Life Multi Asset Omni FoF,0.14,0.11,2026-02-01,0.03
ABSL/O/O/FOD/10/10/0040,Aditya Birla Sun Life Dynamic Asset Allocation Omni FOF,0.26,0.23,2026-02-01,0.03
ABSL/O/O/FOD/10/10/0041,Aditya Birla Sun Life Conservative Hybrid Active FOF,0.39,0.37,2026-02-01,0.02
ABSL/O/O/FOO/22/07/0122,Aditya Birla Sun Life Multi-Asset Passive FOF,0.26,0.24,2026-02-01,0.02
ABSL/O/S/CHI/18/10/0073,ADITYA BIRLA SUN LIFE BAL BHAVISHYA YOJNA,0.92,0.91,2026-02-01,0.01
AXIS/O/D/MDF/11/09/0012,Axis Strategic Bond Fund,0.61,0.62,2026-02-01,-0.01
AXIS/O/E/ELS/09/11/0005,Axis ELSS Tax Saver Fund,0.71,0.7,2026-02-01,0.01
AXIS/O/E/FCF/17/05/0025,Axis Flexi Cap Fund,0.58,0.57,2026-02-01,0.01
AXIS/O/E/FOC/12/02/0014,Axis Focused Fund,0.67,0.68,2026-02-01,-0.01
AXIS/O/E/LCF/09/10/0003,Axis Large Cap Fund,0.58,0.57,2026-02-01,0.01
AXIS/O/E/LMF/18/05/0028,Axis Large & Mid Cap Fund,0.46,0.45,2026-02-01,0.01
AXIS/O/E/MCF/21/09/0058,Axis Multicap Fund,0.57,0.56,2026-02-01,0.01
AXIS/O/E/MIF/10/12/0009,Axis Midcap Fund,0.44,0.43,2026-02-01,0.01
AXIS/O/E/SCF/13/09/0016,Axis Small Cap Fund,0.46,0.45,2026-02-01,0.01
AXIS/O/E/THE/19/12/0042,Axis ESG Integration Strategy Fund,1.11,1.1,2026-02-01,0.01
AXIS/O/E/THE/20/07/0044,Axis Quant Fund,0.61,0.6,2026-02-01,0.01
AXIS/O/E/THE/20/07/0046,Axis Innovation Fund,1.07,1.06,2026-02-01,0.01
AXIS/O/E/THE/22/12/0070,Axis Business Cycles Fund,0.75,0.74,2026-02-01,0.01
AXIS/O/E/THE/23/09/0079,Axis India Manufacturing Fund,0.41,0.42,2026-02-01,-0.01
AXIS/O/E/THE/24/06/0088,Axis Consumption Fund,0.48,0.49,2026-02-01,-0.01
AXIS/O/E/THE/24/09/0092,Axis Momentum Fund,0.48,0.56,2026-02-01,-0.08
AXIS/O/E/THE/25/03/0098,Axis Services Opportunities Fund,0.56,0.57,2026-02-01,-0.01
AXIS/O/E/VAF/20/09/0048,Axis Value Fund,0.57,0.55,2026-02-01,0.02
AXIS/O/H/AHF/18/05/0027,Axis Aggressive Hybrid Fund,0.87,0.86,2026-02-01,0.01
AXIS/O/H/ARB/14/05/0018,Axis Arbitrage Fund,0.28,0.29,2026-02-01,-0.01
AXIS/O/H/ESF/15/06/0019,Axis Equity Savings Fund,0.86,0.87,2026-02-01,-0.01
AXIS/O/H/MAA/10/05/0007,Axis Multi Asset Allocation Fund,0.73,0.7,2026-02-01,0.03
AXIS/O/O/EIN/21/09/0062,AXIS NIFTY MIDCAP 50 INDEX FUND,0.23,0.22,2026-02-01,0.01
AXIS/O/O/FOO/20/12/0049,Axis Global Innovation Fund of Fund,0.69,0.67,2026-02-01,0.02
AXIS/O/S/RET/19/07/0037,Axis Retirement Fund - Aggressive Plan,0.92,0.93,2026-02-01,-0.01
AXIS/O/S/RET/19/07/0039,Axis Retirement Fund - Dynamic Plan,1.04,1.01,2026-02-01,0.03
BBNP/O/E/MAA/22/09/0030,Baroda BNP Paribas Multi Asset Fund,0.73,0.71,2026-02-01,0.02
BBNP/O/E/MIF/06/01/0009,Baroda BNP Paribas Mid Cap Fund,0.43,0.42,2026-02-01,0.01
BFAM/O/E /ELS/24/11/0015,Bajaj Finserv ELSS Tax Saver Fund,0.45,0.6,2026-02-01,-0.15
BFAM/O/E /MCF/24/12/0017,Bajaj Finserv Multi Cap Fund,0.55,0.65,2026-02-01,-0.1
BFAM/O/E/ARB/23/05/0005,Bajaj Finserv Arbitrage Fund,0.31,0.3,2026-02-01,0.01
BFAM/O/E/FCF/23/05/0003,Bajaj Finserv Flexi Cap Fund,0.38,0.41,2026-02-01,-0.03
BFAM/O/H /MAA/24/04/0010,Bajaj Finserv Multi Asset Allocation Fund,0.48,0.47,2026-02-01,0.01
BFAM/O/H/BAF/23/05/0007,Bajaj Finserv Balanced Advantage Fund,0.45,0.44,2026-02-01,0.01
BNDN/O/D /DIN/25/02/0084,Bandhan CRISIL-IBX Financial Services 3-6 Months Debt Index Fund,0.1,0.09,2026-02-01,0.01
BNDN/O/E /THE/24/02/0071,Bandhan Innovation Fund,0.51,0.5,2026-02-01,0.01
BNDN/O/E/ELS/08/11/0018,Bandhan ELSS Tax saver Fund,0.58,0.57,2026-02-01,0.01
BNDN/O/E/FCF/05/06/0011,Bandhan Flexi Cap Fund,0.92,0.91,2026-02-01,0.01
BNDN/O/E/LCF/06/02/0014,Bandhan Large Cap Fund,0.75,0.74,2026-02-01,0.01
BNDN/O/E/LMF/05/06/0010,Bandhan Large & Mid Cap Fund,0.42,0.41,2026-02-01,0.01
BNDN/O/E/MCF/21/09/0048,BANDHAN Multi Cap Fund,0.45,0.44,2026-02-01,0.01
BNDN/O/E/MIF/21/10/0050,BANDHAN Midcap Fund,0.5,0.49,2026-02-01,0.01
BNDN/O/E/SCF/19/10/0043,BANDHAN Small Cap Fund,0.37,0.36,2026-02-01,0.01
BNDN/O/E/SEC/10/09/0024,BANDHAN Infrastructure Fund,0.73,0.72,2026-02-01,0.01
BNDN/O/E/SEC/23/01/0063,Bandhan Financial Services Fund,0.49,0.48,2026-02-01,0.01
BNDN/O/E/THE/24/08/0074,Bandhan Business Cycle Fund,0.47,0.49,2026-02-01,-0.02
BNDN/O/E/THE/25/05/0085,Bandhan Multi-Factor Fund,0.61,0.58,2026-02-01,0.03
BNDN/O/E/THE/25/08/0087,Bandhan Healthcare Fund,0.52,0.54,2026-02-01,-0.02
BNDN/O/H/AHF/16/11/0030,Bandhan Aggressive Hybrid Fund,0.51,0.48,2026-02-01,0.03
BNDN/O/H/BAF/14/04/0026,BANDHAN Balanced Advantage Fund,0.61,0.6,2026-02-01,0.01
BNDN/O/H/MAA/23/12/0068,Bandhan Multi Asset Allocation Fund,0.36,0.31,2026-02-01,0.05
BNDN/O/O/FOD/09/11/0019,Bandhan Aggressive Hybrid Passive FOF,0.07,0.06,2026-02-01,0.01
BNDN/O/O/FOD/09/11/0020,Bandhan Conservative Hybrid Passive FOF,0.0,0.04,2026-02-01,-0.04
BNDN/O/O/FOD/09/11/0021,Bandhan Multi-Asset Passive FOF,0.0,0.05,2026-02-01,-0.05
BNDN/O/O/FOD/25/11/0090,Bandhan Gold ETF FOF,0.07,0.03,2026-02-01,0.04
BNDN/O/O/FOD/25/11/0091,Bandhan Silver ETF FOF,0.04,0.03,2026-02-01,0.01
BNDN/O/O/FOO/21/06/0047,Bandhan US specific Equity Active FOF,0.5,0.49,2026-02-01,0.01
BOIA/O/E/FCF/20/05/0016,Bank of India Flexi Cap Fund,0.45,0.47,2026-02-01,-0.02
BOIA/O/E/LCF/20/07/0017,Bank of India Large Cap Fund,0.63,0.82,2026-02-01,-0.19
BOIA/O/E/LMF/08/07/0003,Bank of India Large & Mid Cap Fund,0.77,1.0,2026-02-01,-0.23
BOIA/O/E/MCF/22/10/0018,Bank of India Multi Cap Fund,0.74,0.73,2026-02-01,0.01
BOIA/O/E/SCF/18/09/0014,Bank of India Small Cap Fund,0.47,0.46,2026-02-01,0.01
BOIA/O/H/BAF/14/01/0008,Bank of India Balanced Advantage Fund,0.91,1.1,2026-02-01,-0.19
BOIA/O/H/BHF/16/04/0010,Bank of India Mid & Small Cap Equity & Debt Fund,0.62,0.65,2026-02-01,-0.03
BOIA/O/H/MAA/24/01/0019,Bank of India Multi Asset Allocation Fund,0.81,0.72,2026-02-01,0.09
CANA/O/D/BPF/22/02/0022,Canara Robeco Banking and PSU Debt Fund,0.36,0.37,2026-02-01,-0.01
CANA/O/D/CBF/13/11/0016,Canara Robeco Corporate Bond Fund,0.32,0.34,2026-02-01,-0.02
CANA/O/D/DBF/09/02/0012,Canara Robeco Dynamic Bond Fund,0.59,0.62,2026-02-01,-0.03
CANA/O/D/LIF/02/01/0005,Canara Robeco Liquid Fund,0.07,0.08,2026-02-01,-0.01
CANA/O/D/LOW/04/12/0009,Canara Robeco Savings Fund,0.19,0.21,2026-02-01,-0.02
CANA/O/D/MLD/02/05/0006,Canara Robeco Income Fund,0.63,0.64,2026-02-01,-0.01
CANA/O/D/USD/03/03/0007,Canara Robeco Ultra Short Term Fund,0.29,0.31,2026-02-01,-0.02
CANA/O/E/ELS/93/03/0003,Canara Robeco ELSS Tax Saver,0.49,0.5,2026-02-01,-0.01
CANA/O/E/FCF/03/07/0008,Canara Robeco Flexi Cap Fund,0.44,0.43,2026-02-01,0.01
CANA/O/E/FOC/21/02/0020,Canara Robeco Focused Fund,0.4,0.41,2026-02-01,-0.01
CANA/O/E/LCF/10/03/0014,Canara Robeco Large Cap Fund,0.39,0.38,2026-02-01,0.01
CANA/O/E/LMF/05/02/0010,Canara Robeco Large and Mid Cap Fund,0.47,0.46,2026-02-01,0.01
CANA/O/E/MCF/23/02/0024,Canara Robeco Multi Cap Fund,0.35,0.36,2026-02-01,-0.01
CANA/O/E/MIF/21/12/0023,Canara Robeco Mid Cap Fund,0.48,0.47,2026-02-01,0.01
CANA/O/E/SCF/18/12/0018,Canara Robeco Small Cap Fund,0.37,0.39,2026-02-01,-0.02
CANA/O/E/THE/05/08/0011,Canara Robeco Infrastructure,0.83,0.81,2026-02-01,0.02
CANA/O/E/THE/09/05/0013,Canara Robeco Consumer Trends Fund,0.65,0.64,2026-02-01,0.01
CANA/O/E/THE/23/12/0025,Canara Robeco Manufacturing Fund,0.66,0.65,2026-02-01,0.01
CANA/O/E/VAF/21/02/0021,Canara Robeco Value Fund,0.53,0.52,2026-02-01,0.01
CANA/O/H/BAF/24/04/0026,Canara Robeco Balanced Advantage Fund,0.63,0.66,2026-02-01,-0.03
CANA/O/H/BHF/93/02/0002,Canara Robeco Equity Hybrid Fund,0.46,0.47,2026-02-01,-0.01
CANA/O/H/CHF/88/04/0001,Canara Robeco Conservative Hybrid Fund,0.57,0.6,2026-02-01,-0.03
CANA/O/H/MAA/25/02/0027,Canara Robeco Multi Asset Allocation Fund,0.46,0.44,2026-02-01,0.02
CMND/O/D/LIF/25/11/0002,CAPITALMIND LIQUID FUND,0.08,0.06,2026-02-01,0.02
CMND/O/E /FCF/25/06/0001,CAPITALMIND FLEXI CAP FUND,0.84,0.82,2026-02-01,0.02
DSPM/O/D/FLF/21/02/0043,DSP Floater Fund,0.21,0.22,2026-02-01,-0.01
DSPM/O/D/LIF/98/02/0003,DSP Liquidity Fund,0.09,0.11,2026-02-01,-0.02
DSPM/O/D/MMF/99/09/0006,DSP Savings Fund,0.16,0.15,2026-02-01,0.01
DSPM/O/D/ONF/18/12/0040,DSP Overnight Fund,0.06,0.07,2026-02-01,-0.01
DSPM/O/E/ELS/06/11/0016,DSP ELSS Tax Saver Fund,0.58,0.63,2026-02-01,-0.05
DSPM/O/E/FCF/97/03/0001,DSP Flexi Cap Fund,0.54,0.55,2026-02-01,-0.01
DSPM/O/E/FOC/10/03/0022,DSP Focused Fund,0.76,0.79,2026-02-01,-0.03
DSPM/O/E/LCF/03/01/0009,DSP Large Cap Fund,0.67,0.71,2026-02-01,-0.04
DSPM/O/E/LMF/00/02/0007,DSP Large & Mid Cap Fund,0.49,0.5,2026-02-01,-0.01
DSPM/O/E/MCF/23/07/0071,DSP Multicap Fund,0.4,0.42,2026-02-01,-0.02
DSPM/O/E/MIF/06/09/0014,DSP Midcap Fund,0.59,0.6,2026-02-01,-0.01
DSPM/O/E/SCF/06/09/0015,DSP Small Cap Fund,0.65,0.64,2026-02-01,0.01
DSPM/O/E/SEC/04/04/0011,DSP India T.I.G.E.R. Fund,0.6,0.59,2026-02-01,0.01
DSPM/O/E/SEC/08/02/0019,DSP Natural Resources And New Energy Fund,0.77,0.79,2026-02-01,-0.02
DSPM/O/E/SEC/18/05/0035,DSP Healthcare Fund,0.5,0.51,2026-02-01,-0.01
DSPM/O/E/SEC/23/08/0067,DSP Banking & Financial Services Fund,0.49,0.48,2026-02-01,0.01
DSPM/O/E/THE/24/06/0077,DSP Business Cycle Fund,0.53,0.55,2026-02-01,-0.02
DSPM/O/H/BHF/99/04/0004,DSP Aggressive Hybrid Fund,0.51,0.53,2026-02-01,-0.02
DSPM/O/H/CHF/04/04/0012,DSP Regular Savings Fund,0.42,0.46,2026-02-01,-0.04
DSPM/O/H/DAA/13/10/0026,DSP Dynamic Asset Allocation Fund,0.54,0.53,2026-02-01,0.01
DSPM/O/H/ESF/15/09/0030,DSP Equity Savings Fund,0.53,0.56,2026-02-01,-0.03
DSPM/O/H/MAA/23/06/0065,DSP Multi Asset Allocation Fund,0.19,0.21,2026-02-01,-0.02
DSPM/O/O/EET/23/07/0070,DSP Nifty Healthcare ETF,0.18,0.17,2026-02-01,0.01
DSPM/O/O/EET/25/06/0087,DSP MSCI India ETF,0.37,0.36,2026-02-01,0.01
DSPM/O/O/EET/25/08/0086,DSP Nifty500 Flexicap Quality 30 ETF,0.3,0.29,2026-02-01,0.01
DSPM/O/O/EIN/24/10/0079,DSP BSE Sensex Next 30 Index Fund,0.24,0.25,2026-02-01,-0.01
DSPM/O/O/EIN/24/12/0080,DSP Nifty Private Bank Index Fund,0.23,0.22,2026-02-01,0.01
DSPM/O/O/EIN/25/01/0084,DSP Nifty Healthcare Index Fund,0.23,0.25,2026-02-01,-0.02
DSPM/O/O/EIN/25/10/0091,DSP Nifty Smallcap 250 Index Fund,0.23,0.24,2026-02-01,-0.01
DSPM/O/O/FOD/23/05/0066,DSP Gold ETF Fund of Fund,0.64,0.63,2026-02-01,0.01
DSPM/O/O/FOD/25/03/0081,DSP Silver ETF Fund of Fund,0.55,0.6,2026-02-01,-0.05
DSPM/O/O/FOO/07/07/0018,DSP World Gold Mining Overseas Equity Omni FoF,1.6,1.62,2026-02-01,-0.02
DSPM/O/O/FOO/09/06/0020,DSP Global Clean Energy Overseas Equity Omni FoF,1.65,1.66,2026-02-01,-0.01
DSPM/O/O/FOO/09/06/0021,DSP World Mining Overseas Equity Omni FoF,1.59,1.53,2026-02-01,0.06
DSPM/O/O/FOO/12/05/0024,DSP US Specific Equity Omni FoF,1.43,1.46,2026-02-01,-0.03
DSPM/O/O/FOO/14/06/0028,DSP Income Plus Arbitrage Omni FoF,0.42,0.41,2026-02-01,0.01
DSPM/O/O/OET/21/06/0046,DSP Nifty Midcap 150 Quality 50 ETF,0.26,0.27,2026-02-01,-0.01
EDEL/O/D/GIL/13/08/0012,Edelweiss Government Securities Fund,0.44,0.43,2026-02-01,0.01
EDEL/O/D/LOW/25/02/0068,Edelweiss Low Duration Fund,0.06,0.18,2026-02-01,-0.12
EDEL/O/D/MMF/08/04/0004,Edelweiss Money Market Fund,0.14,0.08,2026-02-01,0.06
EDEL/O/E/ELS/08/12/0005,Edelweiss ELSS Tax saver Fund,0.59,0.58,2026-02-01,0.01
EDEL/O/E/FCF/14/10/0018,Edelweiss Flexi Cap Fund,0.33,0.32,2026-02-01,0.01
EDEL/O/E/FOC/21/12/0042,Edelweiss Focused Fund,0.51,0.5,2026-02-01,0.01
EDEL/O/E/LCF/09/03/0006,Edelweiss Large Cap Fund,0.48,0.45,2026-02-01,0.03
EDEL/O/E/LMF/07/03/0001,Edelweiss Large & Mid Cap Fund,0.32,0.31,2026-02-01,0.01
EDEL/O/E/MAA/23/05/0054,Edelweiss Multi Asset Allocation Fund,0.31,0.33,2026-02-01,-0.02
EDEL/O/E/MCF/23/08/0055,Edelweiss Multi Cap Fund,0.31,0.34,2026-02-01,-0.03
EDEL/O/E/MIF/07/10/0003,Edelweiss Mid Cap Fund,0.3,0.32,2026-02-01,-0.02
EDEL/O/E/OES/17/12/0021,Edelweiss Recently Listed IPO Fund,0.84,0.82,2026-02-01,0.02
EDEL/O/E/SCF/18/08/0022,Edelweiss Small Cap Fund,0.34,0.33,2026-02-01,0.01
EDEL/O/E/THE/23/11/0058,Edelweiss Technology Fund,0.47,0.48,2026-02-01,-0.01
EDEL/O/E/THE/24/01/0060,Edelweiss Business Cycle Fund,0.37,0.41,2026-02-01,-0.04
EDEL/O/E/THE/24/11/0066,Edelweiss Consumption Fund,0.6,0.59,2026-02-01,0.01
EDEL/O/H/AHF/09/04/0007,Edelweiss Aggressive Hybrid Fund,0.28,0.27,2026-02-01,0.01
EDEL/O/H/ARB/14/05/0016,Edelweiss Arbitrage Fund,0.33,0.34,2026-02-01,-0.01
EDEL/O/H/BAF/09/06/0009,Edelweiss Balanced Advantage Fund,0.39,0.37,2026-02-01,0.02
EDEL/O/H/ESF/14/09/0017,Edelweiss Equity Savings Fund,0.55,0.53,2026-02-01,0.02
EDEL/O/O/DIN/22/09/0045,Edelweiss CRISIL IBX 50:50 Gilt Plus SDL June 2027 Index Fund,0.18,0.17,2026-02-01,0.01
EDEL/O/O/EIN/21/07/0037,Edelweiss Nifty 100 Quality 30 Index Fund,0.28,0.33,2026-02-01,-0.05
EDEL/O/O/FOD/25/06/0070,Edelweiss Income Plus Arbitrage Active Fund of Funds,0.04,0.03,2026-02-01,0.01
EDEL/O/O/FOD/25/07/0071,Edelweiss Multi Asset Omni Fund of Fund,0.06,0.11,2026-02-01,-0.05
EDEL/O/O/FOO/09/06/0008,Edelweiss Greater China Equity Off-shore Fund,0.63,0.61,2026-02-01,0.02
EDEL/O/O/FOO/11/01/0010,Edelweiss ASEAN Equity Off-shore Fund,0.58,0.57,2026-02-01,0.01
EDEL/O/O/FOO/13/07/0011,Edelweiss US Value Equity Offshore Fund,0.55,0.53,2026-02-01,0.02
EDEL/O/O/FOO/13/12/0015,Edelweiss Emerging Markets Opportunities Equity Offshore Fund,0.45,0.44,2026-02-01,0.01
FTMF/O/D/FLF/01/04/0015,Franklin India Floating Rate Fund,0.21,0.22,2026-02-01,-0.01
FTMF/O/D/ONF/19/03/0042,Franklin India Overnight Fund,0.06,0.07,2026-02-01,-0.01
FTMF/O/E /THE/25/08/0052,Franklin India Multi-Factor Fund,0.59,0.58,2026-02-01,0.01
FTMF/O/E/DYF/06/03/0025,Franklin India Dividend Yield Fund,1.02,1.03,2026-02-01,-0.01
FTMF/O/E/ELS/99/04/0009,Franklin India ELSS Tax Saver Fund,0.9,0.93,2026-02-01,-0.03
FTMF/O/E/FCF/94/09/0003,Franklin India Flexi Cap Fund,0.72,0.73,2026-02-01,-0.01
FTMF/O/E/FOC/07/05/0026,Franklin India Focused Equity Fund,0.79,0.82,2026-02-01,-0.03
FTMF/O/E/LCF/93/12/0002,Franklin India Large Cap Fund,0.91,0.93,2026-02-01,-0.02
FTMF/O/E/LMF/04/12/0023,Franklin India Large & Mid Cap Fund,1.07,1.09,2026-02-01,-0.02
FTMF/O/E/MCF/25/05/0044,Franklin India Multi Cap Fund,0.37,0.4,2026-02-01,-0.03
FTMF/O/E/MIF/93/12/0001,Franklin India Mid Cap Fund,0.79,0.82,2026-02-01,-0.03
FTMF/O/E/SCF/05/10/0024,Franklin India Small Cap Fund,0.76,0.79,2026-02-01,-0.03
FTMF/O/E/THE/00/02/0011,Franklin India Opportunities Fund,0.42,0.45,2026-02-01,-0.03
FTMF/O/E/THE/07/08/0027,Franklin Asian Equity Fund,1.41,1.38,2026-02-01,0.03
FTMF/O/E/THE/09/06/0028,Franklin Build India Fund,0.81,0.82,2026-02-01,-0.01
FTMF/O/E/THE/98/08/0008,Franklin India Technology Fund,0.88,0.91,2026-02-01,-0.03
FTMF/O/E/VAF/96/06/0004,Templeton India Value Fund,0.73,0.75,2026-02-01,-0.02
FTMF/O/H /MAA/25/06/0051,Franklin India Multi Asset Allocation Fund,0.16,0.17,2026-02-01,-0.01
FTMF/O/H/AHF/00/05/0012,Franklin India Aggressive Hybrid Fund,0.75,0.74,2026-02-01,0.01
FTMF/O/H/ARB/24/10/0049,Franklin India Arbitrage Fund,0.25,0.24,2026-02-01,0.01
FTMF/O/H/BAF/22/07/0043,Franklin India Balanced Advantage Fund,0.41,0.4,2026-02-01,0.01
FTMF/O/H/CHF/00/09/0014,Franklin India Conservative Hybrid Fund,0.66,0.67,2026-02-01,-0.01
FTMF/O/H/ESF/18/05/0034,Franklin India Equity Savings Fund,0.29,0.32,2026-02-01,-0.03
FTMF/O/O/FOD/03/10/0017,Franklin India Dynamic Asset Allocation Active Fund of Funds,1.08,1.12,2026-02-01,-0.04
FTMF/O/O/FOD/14/05/0032,Franklin India Income Plus Arbitrage Active Fund of Funds,0.17,0.21,2026-02-01,-0.04
FTMF/O/O/FOO/11/08/0029,Franklin U. S. Opportunities Equity Active Fund of Funds,0.48,0.49,2026-02-01,-0.01
FTMF/O/O/OIN/00/05/0013,Franklin India NSE Nifty 50 Index Fund,0.25,0.26,2026-02-01,-0.01
FTMF/O/S/RET/97/03/0005,Franklin India Retirement Fund,1.23,1.22,2026-02-01,0.01
GROW/O/O/EET/25/07/0042,Groww Nifty Capital Markets ETF,0.4,0.34,2026-02-01,0.06
GROW/O/O/EIN/24/04/0014,Groww Nifty 1D Rate Liquid ETF,0.29,0.4,2026-02-01,-0.11
GROW/O/O/FOD/24/07/0016,Groww Nifty EV & New Age Automotive ETF FOF,0.14,0.12,2026-02-01,0.02
GROW/O/O/FOD/24/09/0021,Groww Gold ETF FOF,0.23,0.1,2026-02-01,0.13
GROW/O/O/FOD/24/10/0026,Groww Nifty 200 ETF FOF,0.15,0.1,2026-02-01,0.05
GROW/O/O/GET/24/09/0020,Groww Gold ETF,0.5,0.58,2026-02-01,-0.08
HDFC/O/D/CRF/18/03/0042,HDFC Credit Risk Debt Fund,0.82,0.86,2026-02-01,-0.04
HDFC/O/E /VAF/18/03/0030,HDFC Value Fund,0.79,0.8,2026-02-01,-0.01
HDFC/O/E/DYF/20/08/0075,HDFC Dividend Yield Fund,0.56,0.55,2026-02-01,0.01
HDFC/O/E/FCF/94/12/0002,HDFC Flexi Cap Fund,0.52,0.54,2026-02-01,-0.02
HDFC/O/E/FOC/04/06/0012,HDFC Focused Fund,0.49,0.5,2026-02-01,-0.01
HDFC/O/E/LCF/96/10/0004,HDFC Large Cap Fund,0.8,0.79,2026-02-01,0.01
HDFC/O/E/LMF/94/02/0001,HDFC Large and Mid Cap Fund,0.68,0.67,2026-02-01,0.01
HDFC/O/E/MIF/07/04/0015,HDFC Mid Cap Fund,0.59,0.58,2026-02-01,0.01
HDFC/O/E/SCF/07/03/0014,HDFC Small Cap Fund,0.55,0.53,2026-02-01,0.02
HDFC/O/E/SEC/21/02/0076,HDFC Banking & Financial Services Fund,0.64,0.63,2026-02-01,0.01
HDFC/O/E/SEC/23/01/0123,HDFC Defence Fund,0.66,0.65,2026-02-01,0.01
HDFC/O/E/SEC/23/02/0128,HDFC Technology Fund,0.74,0.75,2026-02-01,-0.01
HDFC/O/E/SEC/23/03/0129,HDFC Pharma and Healthcare Fund,0.76,0.75,2026-02-01,0.01
HDFC/O/E/THE/08/01/0018,HDFC Infrastructure Fund,0.94,0.93,2026-02-01,0.01
HDFC/O/E/THE/17/09/0029,HDFC Housing Opportunities Fund,1.0,0.95,2026-02-01,0.05
HDFC/O/E/THE/22/08/0114,HDFC MNC Fund,1.03,1.04,2026-02-01,-0.01
HDFC/O/E/THE/23/02/0126,HDFC Transportation and Logistics Fund,0.78,0.77,2026-02-01,0.01
HDFC/O/E/THE/23/04/0124,HDFC Non-Cyclical Consumer Fund,0.84,0.85,2026-02-01,-0.01
HDFC/O/E/THE/24/02/0133,HDFC Manufacturing Fund,0.66,0.65,2026-02-01,0.01
HDFC/O/E/THE/25/02/0141,HDFC Innovation Fund,0.58,0.61,2026-02-01,-0.03
HDFC/O/H/BAF/18/03/0043,HDFC Balanced Advantage Fund,0.58,0.59,2026-02-01,-0.01
HDFC/O/H/CHF/03/10/0011,HDFC Hybrid Debt Fund,0.95,0.98,2026-02-01,-0.03
HDFC/O/H/MAA/18/03/0037,HDFC Multi-Asset Allocation Fund,0.63,0.64,2026-02-01,-0.01
HDFC/O/O/FOD/22/08/0096,HDFC Silver ETF Fund of Fund,0.13,0.18,2026-02-01,-0.05
HDFC/O/O/FOD/25/07/0142,HDFC Diversified Equity All Cap Active FOF,0.23,0.3,2026-02-01,-0.07
HDFC/O/O/THE/22/09/0102,HDFC Business Cycle Fund,0.73,0.83,2026-02-01,-0.1
HDFC/O/S/CHI/01/01/0007,HDFC Children's Fund,0.78,0.77,2026-02-01,0.01
HDFC/O/S/RET/15/08/0025,HDFC Retirement Savings Fund - Hybrid-Equity Plan,0.81,0.8,2026-02-01,0.01
HDFC/O/S/RET/15/08/0026,HDFC Retirement Savings Fund - Hybrid-Debt Plan,0.92,0.97,2026-02-01,-0.05
HELI/O/E /LMF/24/06/0005,Helios Large & Mid Cap Fund,0.58,0.57,2026-02-01,0.01
HELI/O/E /SCF/25/07/0007,Helios Small Cap Fund,0.58,0.57,2026-02-01,0.01
HELI/O/E/FCF/23/09/0001,Helios Flexi Cap Fund,0.33,0.34,2026-02-01,-0.01
HELI/O/E/MIF/24/08/0006,Helios Mid Cap Fund,0.43,0.42,2026-02-01,0.01
HSBC/O/E/FCF/04/01/0005,HSBC Flexi Cap Fund,0.98,0.97,2026-02-01,0.01
HSBC/O/E/FOC/20/03/0025,HSBC Focused Fund,0.81,0.8,2026-02-01,0.01
HSBC/O/E/LCF/02/08/0003,HSBC Large Cap Fund,1.05,1.04,2026-02-01,0.01
HSBC/O/E/LMF/19/02/0022,HSBC Large & Mid Cap Fund,0.64,0.63,2026-02-01,0.01
HSBC/O/E/MCF/22/12/0034,HSBC Multi Cap Fund,0.49,0.48,2026-02-01,0.01
HSBC/O/E/SEC/24/12/0039,HSBC Financial Services Fund,0.62,0.6,2026-02-01,0.02
HSBC/O/E/THE/23/05/0036,HSBC Consumption Fund,0.72,0.71,2026-02-01,0.01
HSBC/O/E/THE/24/07/0038,HSBC India Export Opportunities Fund,0.69,0.68,2026-02-01,0.01
HSBC/O/H/MAA/24/01/0037,HSBC Multi Asset Allocation Fund,0.32,0.33,2026-02-01,-0.01
ICIC/O/E/DYF/14/02/0048,ICICI Prudential Dividend Yield Equity Fund,0.43,0.44,2026-02-01,-0.01
ICIC/O/E/EIN/22/02/0145,ICICI Prudential Nifty IT Index Fund,0.37,0.32,2026-02-01,0.05
ICIC/O/E/ELS/99/07/0011,ICICI Prudential ELSS Tax Saver Fund,0.93,0.92,2026-02-01,0.01
ICIC/O/E/FCF/21/02/0122,ICICI Prudential Flexicap Fund,0.63,0.62,2026-02-01,0.01
ICIC/O/E/FOC/22/02/0140,ICICI Prudential Focused Equity Fund,0.46,0.45,2026-02-01,0.01
ICIC/O/E/LCF/98/05/0006,ICICI Prudential Large Cap Fund (erstwhile Bluechip Fund),0.68,0.69,2026-02-01,-0.01
ICIC/O/E/LMF/98/05/0001,ICICI Prudential Large & Mid Cap Fund,0.6,0.62,2026-02-01,-0.02
ICIC/O/E/MCF/01/08/0016,ICICI Prudential Multicap Fund,0.76,0.75,2026-02-01,0.01
ICIC/O/E/MIF/04/06/0026,ICICI Prudential Midcap Fund,0.84,0.83,2026-02-01,0.01
ICIC/O/E/SCF/07/06/0031,ICICI Prudential Smallcap Fund,0.63,0.62,2026-02-01,0.01
ICIC/O/E/SEC/00/01/0014,ICICI Prudential Technology Fund,0.8,0.81,2026-02-01,-0.01
ICIC/O/E/SEC/08/03/0032,ICICI Prudential Banking & Financial Services Fund,0.8,0.82,2026-02-01,-0.02
ICIC/O/E/SEC/19/07/0111,ICICI Prudential Commodities Fund,0.77,0.81,2026-02-01,-0.04
ICIC/O/E/SEC/99/02/0010,ICICI Prudential FMCG Fund,1.1,1.09,2026-02-01,0.01
ICIC/O/E/THE/05/06/0028,ICICI Prudential Exports & Services Fund,1.38,1.37,2026-02-01,0.01
ICIC/O/E/THE/12/03/0043,ICICI Prudential US Bluechip Equity Fund,0.93,0.94,2026-02-01,-0.01
ICIC/O/E/THE/18/05/0064,ICICI Prudential Pharma Healthcare and Diagnostics (P.H.D) Fund,0.83,0.82,2026-02-01,0.01
ICIC/O/E/THE/18/05/0066,ICICI Prudential Manufacturing Fund,0.62,0.61,2026-02-01,0.01
ICIC/O/E/THE/18/10/0090,ICICI Prudential India Opportunities Fund,0.51,0.5,2026-02-01,0.01
ICIC/O/E/THE/18/12/0105,ICICI Prudential Bharat Consumption Fund,0.9,0.89,2026-02-01,0.01
ICIC/O/E/THE/18/12/0106,ICICI PRUDENTIAL MNC FUND,0.89,0.88,2026-02-01,0.01
ICIC/O/E/THE/19/12/0117,ICICI Prudential Quant Fund,1.57,1.5,2026-02-01,0.07
ICIC/O/E/THE/19/12/0118,ICICI Prudential Business Cycle Fund,0.58,0.59,2026-02-01,-0.01
ICIC/O/E/THE/20/02/0119,ICICI Prudential ESG Exclusionary Strategy Fund,0.83,0.82,2026-02-01,0.01
ICIC/O/E/THE/22/03/0141,ICICI PRUDENTIAL HOUSING OPPORTUNITIES FUND,0.96,0.95,2026-02-01,0.01
ICIC/O/E/THE/22/06/0154,ICICI Prudential PSU Equity Fund,0.7,0.67,2026-02-01,0.03
ICIC/O/E/THE/22/09/0155,ICICI Prudential Transportation and Logistics Fund,0.76,0.74,2026-02-01,0.02
ICIC/O/E/THE/23/02/0171,ICICI Prudential Innovation Fund,0.56,0.58,2026-02-01,-0.02
ICIC/O/E/THE/24/06/0179,ICICI PRUDENTIAL ENERGY OPPORTUNITIES FUND,0.45,0.46,2026-02-01,-0.01
ICIC/O/E/THE/24/10/0184,ICICI Prudential Equity Minimum Variance Fund,0.6,0.64,2026-02-01,-0.04
ICIC/O/E/THE/24/10/0186,ICICI Prudential Rural Opportunities Fund,0.75,0.74,2026-02-01,0.01
ICIC/O/E/THE/24/11/0192,ICICI Prudential Quality Fund,0.68,0.7,2026-02-01,-0.02
ICIC/O/E/THE/25/01/0196,ICICI Prudential Active Momentum Fund,0.84,0.83,2026-02-01,0.01
ICIC/O/E/THE/25/04/0200,ICICI Prudential Conglomerate Fund,0.98,0.97,2026-02-01,0.01
ICIC/O/E/VAF/04/06/0025,ICICI Prudential Value Fund (erstwhile Value Discovery Fund),0.78,0.77,2026-02-01,0.01
ICIC/O/H/AHF/99/09/0013,ICICI Prudential Equity & Debt Fund,0.75,0.74,2026-02-01,0.01
ICIC/O/H/BAF/06/09/0030,ICICI Prudential Balanced Advantage Fund,0.69,0.68,2026-02-01,0.01
ICIC/O/H/MAA/02/09/0018,ICICI Prudential Multi-Asset Fund,0.5,0.51,2026-02-01,-0.01
ICIC/O/O/FOD/03/10/0020,ICICI Prudential Multi Sector Passive FOF,0.18,0.26,2026-02-01,-0.08
ICIC/O/O/FOD/03/10/0021,ICICI Prudential Dynamic Asset Allocation Active FOF,0.14,0.16,2026-02-01,-0.02
ICIC/O/O/FOD/19/06/0109,ICICI Prudential Global Advantage Fund (FOF),0.51,0.5,2026-02-01,0.01
ICIC/O/O/FOD/19/08/0112,ICICI Prudential Diversified Equity All Cap Omni FOF,0.46,0.34,2026-02-01,0.12
ICIC/O/O/FOD/25/02/0188,ICICI Prudential Nifty EV & New Age Automotive ETF FOF,0.3,0.43,2026-02-01,-0.13
ICIC/O/S/CHI/01/06/0015,ICICI Prudential Children's Fund,1.22,1.21,2026-02-01,0.01
ICIC/O/S/RET/18/10/0086,ICICI Prudential Retirement Fund Hybrid Aggressive Plan,0.6,0.68,2026-02-01,-0.08
ICIC/O/S/RET/18/10/0089,ICICI Prudential Retirement Fund Pure Equity Plan,0.57,0.64,2026-02-01,-0.07
IDFC/O/E/SEC/22/09/0053,BANDHAN Transportation and Logistics Fund,0.68,0.67,2026-02-01,0.01
INVM/O/E/COF/06/11/0003,Invesco India Contra Fund,0.41,0.4,2026-02-01,0.01
INVM/O/E/FCF/21/09/0037,Invesco India Flexi Cap Fund,0.44,0.41,2026-02-01,0.03
INVM/O/E/FOC/20/07/0033,Invesco India Focused Fund,0.45,0.37,2026-02-01,0.08
INVM/O/E/LMF/07/04/0008,Invesco India Large & Mid Cap Fund,0.48,0.47,2026-02-01,0.01
INVM/O/E/MCF/07/09/0012,Invesco India Multicap Fund,0.55,0.54,2026-02-01,0.01
INVM/O/E/THE/09/09/0017,Invesco India PSU Equity Fund,0.74,0.73,2026-02-01,0.01
INVM/O/H/DAA/07/06/0009,Invesco India Balanced Advantage Fund,0.63,0.6,2026-02-01,0.03
INVM/O/H/MAA/24/09/0047,Invesco India Multi Asset Allocation Fund,0.41,0.38,2026-02-01,0.03
ITIM/O/E/FCF/22/12/0017,ITI Flexi Cap Fund,0.35,0.31,2026-02-01,0.04
ITIM/O/E/MCF/19/02/0001,ITI Multi Cap Fund,0.33,0.28,2026-02-01,0.05
ITIM/O/E/MIF/20/07/0010,ITI Mid Cap Fund,0.27,0.23,2026-02-01,0.04
JMFI/O/E/FCF/08/02/0011,JM Flexicap Fund,0.5,0.49,2026-02-01,0.01
JMFI/O/E/FOC/07/12/0010,JM Focused Fund,0.61,0.64,2026-02-01,-0.03
JMFI/O/E/LCF/94/02/0001,JM Large Cap Fund,0.69,0.72,2026-02-01,-0.03
JMFI/O/E/MIF/21/09/0014,JM Midcap Fund,0.49,0.52,2026-02-01,-0.03
JMFI/O/E/SCF/23/11/0016,JM Small Cap Fund,0.54,0.56,2026-02-01,-0.02
JMFI/O/E/VAF/97/03/0005,JM Value Fund,0.86,0.89,2026-02-01,-0.03
JMFI/O/H/BHF/94/11/0003,JM Aggressive Hybrid Fund,0.6,0.62,2026-02-01,-0.02
KOTM/O/D/LIF/03/09/0009,Kotak Liquid Fund,0.2,0.19,2026-02-01,0.01
KOTM/O/D/MMF/03/06/0008,Kotak Money Market Fund,0.19,0.14,2026-02-01,0.05
KOTM/O/D/ONF/18/12/0054,Kotak Overnight Fund,0.08,0.07,2026-02-01,0.01
KOTM/O/E/MIF/06/09/0018,Kotak Midcap Fund,0.33,0.34,2026-02-01,-0.01
KOTM/O/E/THE/19/09/0057,Kotak Pioneer Fund,0.43,0.42,2026-02-01,0.01
KOTM/O/E/THE/23/06/0112,Kotak Consumption Fund,0.49,0.5,2026-02-01,-0.01
KOTM/O/E/THE/24/05/0126,Kotak Special Opportunities Fund,0.68,0.69,2026-02-01,-0.01
KOTM/O/E/THE/24/09/0131,Kotak MNC Fund,0.55,0.56,2026-02-01,-0.01
KOTM/O/E/THE/24/10/0138,Kotak Energy Opportunities Fund,0.8,0.77,2026-02-01,0.03
KOTM/O/E/THE/25/07/0151,Kotak Active Momentum Fund,0.66,0.68,2026-02-01,-0.02
KOTM/O/E/THE/25/10/0157,Kotak Rural Opportunities Fund,0.76,0.6,2026-02-01,0.16
KOTM/O/O/EIN/22/09/0099,Kotak Nifty Smallcap 50 Index Fund,0.23,0.2,2026-02-01,0.03
KOTM/O/O/EIN/23/02/0104,Kotak Nifty 200 Momentum 30 Index Fund,0.25,0.2,2026-02-01,0.05
KOTM/O/O/EIN/24/05/0125,Kotak Nifty 100 Low Volatility 30 Index Fund,0.27,0.2,2026-02-01,0.07
KOTM/O/O/FOO/07/07/0020,Kotak Global Emerging Market Overseas Equity Omni FOF,0.98,0.87,2026-02-01,0.11
LICM/O/E/DYF/18/09/0021,LIC MF Dividend Yield Fund,0.63,0.62,2026-02-01,0.01
LICM/O/E/ELS/97/01/0004,LIC MF ELSS Tax Saver,0.87,0.86,2026-02-01,0.01
LICM/O/E/FCF/93/01/0002,LIC MF FLEXI CAP FUND,1.13,1.31,2026-02-01,-0.18
LICM/O/E/FOC/17/09/0018,LIC MF Focused Fund,1.32,0.97,2026-02-01,0.35
LICM/O/E/LCF/94/07/0003,LIC MF Large Cap Fund,0.85,0.91,2026-02-01,-0.06
LICM/O/E/LMF/14/12/0016,LIC MF Large & Mid Cap Fund,0.52,0.51,2026-02-01,0.01
LICM/O/E/MCF/22/07/0027,LIC MF Multi Cap Fund,0.38,0.44,2026-02-01,-0.06
LICM/O/E/SCF/17/05/0017,LIC MF Small Cap Fund,0.86,0.85,2026-02-01,0.01
LICM/O/E/SEC/15/01/0017,LIC MF Banking and Financial Services Fund,0.97,1.0,2026-02-01,-0.03
LICM/O/E/SEC/18/09/0022,LIC MF Healthcare Fund,1.02,0.94,2026-02-01,0.08
LICM/O/E/THE/07/11/0014,LIC MF Infrastructure Fund,0.7,0.81,2026-02-01,-0.11
LICM/O/E/THE/24/09/0029,LIC MF Manufacturing Fund,0.57,0.66,2026-02-01,-0.09
LICM/O/E/THE/25/09/0031,LIC MF Consumption Fund,0.48,0.61,2026-02-01,-0.13
LICM/O/H/AHF/91/01/0001,LIC MF Aggressive Hybrid Fund,1.17,1.16,2026-02-01,0.01
LICM/O/H/ARB/18/08/0022,LIC MF Arbitrage Fund,0.28,0.27,2026-02-01,0.01
LICM/O/H/BAF/21/10/0025,LIC MF Balanced Advantage Fund,0.65,1.0,2026-02-01,-0.35
LICM/O/H/ESF/10/11/0005,LIC MF Equity Savings Fund,1.0,1.13,2026-02-01,-0.13
LICM/O/H/MAA/24/12/0030,LIC MF Multi Asset Allocation Fund,0.53,0.52,2026-02-01,0.01
LICM/O/O/EIN/02/10/0011,LIC MF BSE Sensex Index Fund,0.64,0.67,2026-02-01,-0.03
LICM/O/O/FOD/12/02/0010,LIC MF Gold ETF Fund of Fund,0.24,0.34,2026-02-01,-0.1
LICM/O/S/CHI/01/09/0008,LIC MF Children's Fund,1.44,1.45,2026-02-01,-0.01
LTMF/O/E/ELS/05/09/0009,HSBC ELSS Tax saver Fund,0.99,1.0,2026-02-01,-0.01
LTMF/O/E/MIF/04/06/0006,HSBC Midcap Fund,0.52,0.51,2026-02-01,0.01
LTMF/O/E/SCF/14/02/0023,HSBC Small Cap Fund,0.56,0.55,2026-02-01,0.01
LTMF/O/E/SEC/07/05/0013,HSBC Infrastructure Fund,0.8,0.79,2026-02-01,0.01
LTMF/O/E/THE/14/07/0025,HSBC Business Cycles Fund,0.86,0.85,2026-02-01,0.01
LTMF/O/H/AHF/10/10/0018,HSBC Aggressive Hybrid Fund,0.67,0.66,2026-02-01,0.01
Lock-IN - AXIS/O/S/CHI/15/09/0020,Axis Children's Fund,1.17,1.18,2026-02-01,-0.01
MAHM/O/E /ELS/16/07/0002,Mahindra Manulife ELSS Tax Saver Fund,0.54,0.58,2026-02-01,-0.04
MAHM/O/E /FCF/21/06/0018,Mahindra Manulife Flexi Cap Fund,0.32,0.37,2026-02-01,-0.05
MAHM/O/E /FOC/20/05/0014,Mahindra Manulife Focused Fund,0.31,0.35,2026-02-01,-0.04
MAHM/O/E /LCF/18/09/0009,Mahindra Manulife Large Cap Fund,0.51,0.55,2026-02-01,-0.04
MAHM/O/E /LMF/19/07/0013,Mahindra Manulife Large & Mid Cap Fund,0.36,0.4,2026-02-01,-0.04
MAHM/O/E /MCF/17/01/0005,Mahindra Manulife Multi Cap Fund,0.31,0.36,2026-02-01,-0.05
MAHM/O/E /MIF/17/11/0006,Mahindra Manulife Mid Cap Fund,0.35,0.4,2026-02-01,-0.05
MAHM/O/E /THE/18/08/0008,Mahindra Manulife Consumption Fund,0.52,0.56,2026-02-01,-0.04
MAHM/O/E /THE/23/06/0021,Mahindra Manulife Business Cycle Fund,0.38,0.41,2026-02-01,-0.03
MAHM/O/E/SCF/22/07/0020,Mahindra Manulife Small Cap Fund,0.32,0.37,2026-02-01,-0.05
MAHM/O/E/THE/24/04/0023,Mahindra Manulife Manufacturing Fund,0.62,0.63,2026-02-01,-0.01
MAHM/O/E/VAF/24/12/0024,Mahindra Manulife Value Fund,0.41,0.4,2026-02-01,0.01
MAHM/O/H /AHF/19/01/0010,Mahindra Manulife Aggressive Hybrid Fund,0.33,0.35,2026-02-01,-0.02
MAHM/O/H /BAF/21/11/0019,Mahindra Manulife Balanced Advantage Fund,0.43,0.46,2026-02-01,-0.03
MAHM/O/H /ESF/16/10/0003,Mahindra Manulife Equity Savings Fund,0.56,0.62,2026-02-01,-0.06
MAHM/O/H/MAA/23/11/0022,Mahindra Manulife Multi Asset Allocation Fund,0.19,0.17,2026-02-01,0.02
MAHM/O/O /FOO/21/03/0017,Mahindra Manulife Asia Pacific REITs FOF,0.41,0.4,2026-02-01,0.01
MAHM/O/O/FOD/25/06/0026,Mahindra Manulife Income Plus Arbitrage Active FOF,0.12,0.16,2026-02-01,-0.04
MIRA/O/D/LON/24/10/0074,Mirae Asset Long Duration Fund,0.13,0.15,2026-02-01,-0.02
MIRA/O/D/LOW/08/02/0002,Mirae Asset Low Duration Fund,0.16,0.15,2026-02-01,0.01
MIRA/O/D/ONF/19/09/0016,Mirae Asset Overnight Fund,0.07,0.08,2026-02-01,-0.01
MIRA/O/D/SDF/17/12/0009,Mirae Asset Short Duration Fund,0.2,0.19,2026-02-01,0.01
MIRA/O/D/USD/20/07/0020,Mirae Asset Ultra Short Duration Fund,0.16,0.15,2026-02-01,0.01
MIRA/O/E/ELS/15/10/0007,Mirae Asset ELSS Tax Saver Fund,0.51,0.5,2026-02-01,0.01
MIRA/O/E/FCF/23/01/0044,Mirae Asset Flexi Cap Fund,0.34,0.33,2026-02-01,0.01
MIRA/O/E/FOC/19/03/0014,Mirae Asset Focused Fund,0.46,0.45,2026-02-01,0.01
MIRA/O/E/LCF/08/02/0001,Mirae Asset Large Cap Fund,0.43,0.42,2026-02-01,0.01
MIRA/O/E/LMF/09/11/0005,Mirae Asset Large & Midcap Fund,0.46,0.44,2026-02-01,0.02
MIRA/O/E/MCF/23/01/0052,Mirae Asset Multicap Fund,0.31,0.3,2026-02-01,0.01
MIRA/O/E/MIF/19/05/0015,Mirae Asset Midcap Fund,0.44,0.45,2026-02-01,-0.01
MIRA/O/E/SCF/24/10/0075,Mirae Asset Small Cap Fund,0.25,0.33,2026-02-01,-0.08
MIRA/O/E/SEC/09/08/0004,Mirae Asset Great Consumer Fund,0.32,0.33,2026-02-01,-0.01
MIRA/O/E/SEC/18/05/0010,Mirae Asset Healthcare Fund,0.37,0.36,2026-02-01,0.01
MIRA/O/E/SEC/20/09/0024,Mirae Asset Banking and Financial Services Fund,0.44,0.43,2026-02-01,0.01
MIRA/O/H/AHF/15/05/0006,Mirae Asset Aggressive Hybrid Fund,0.3,0.29,2026-02-01,0.01
MIRA/O/H/ARB/20/04/0019,Mirae Asset Arbitrage Fund,0.14,0.13,2026-02-01,0.01
MIRA/O/H/BAF/22/05/0038,Mirae Asset Balanced Advantage Fund,0.59,0.53,2026-02-01,0.06
MIRA/O/H/ESF/18/05/0011,Mirae Asset Equity Savings Fund,0.33,0.3,2026-02-01,0.03
MIRA/O/H/FOD/25/05/0084,Mirae Asset Income plus Arbitrage Active FOF,0.02,0.08,2026-02-01,-0.06
MIRA/O/H/MAA/23/12/0059,Mirae Asset Multi Asset Allocation Fund,0.22,0.23,2026-02-01,-0.01
MIRA/O/O/DIN/22/09/0042,Mirae Asset CRISIL IBX Gilt Index - April 2033 Index Fund,0.11,0.1,2026-02-01,0.01
MIRA/O/O/DIN/25/05/0083,Mirae Asset CRISIL-IBX Financial Services 9-12 Months Debt Index Fund,0.09,0.11,2026-02-01,-0.02
MIRA/O/O/FOD/21/08/0031,Mirae Asset S&P 500 Top 50 ETF Fund of Fund,0.03,0.04,2026-02-01,-0.01
MIRA/O/O/FOD/21/11/0035,Mirae Asset Nifty India Manufacturing ETF FOF,0.02,0.03,2026-02-01,-0.01
MIRA/O/O/FOD/24/01/0061,Mirae Asset Nifty Smallcap 250 Momentum Quality 100 ETF Fund of Fund,0.06,0.02,2026-02-01,0.04
MIRA/O/O/FOD/24/02/0064,Mirae Asset Nifty200 Alpha 30 ETF Fund of Fund,0.07,0.03,2026-02-01,0.04
MIRA/O/O/FOD/24/03/0062,Mirae Asset Nifty MidSmallcap400 Momentum Quality 100 ETF Fund of Fund,0.04,0.01,2026-02-01,0.03
MIRA/O/O/FOD/24/09/0072,Mirae Asset Gold ETF Fund of Fund,0.09,0.1,2026-02-01,-0.01
MIRA/O/O/FOD/24/11/0077,Mirae Asset Nifty India New Age Consumption ETF Fund of Fund,0.23,0.15,2026-02-01,0.08
MIRA/O/O/FOD/24/12/0079,Mirae Asset BSE 200 Equal Weight ETF Fund of Fund,0.08,0.1,2026-02-01,-0.02
MIRA/O/O/FOD/24/12/0081,Mirae Asset BSE Select IPO ETF Fund of Fund,0.1,0.13,2026-02-01,-0.03
MIRA/O/O/FOD/25/06/0086,Mirae Asset Multi Factor Passive FOF,0.05,0.1,2026-02-01,-0.05
MIRA/O/O/FOD/25/07/0087,Mirae Asset Gold Silver Passive FoF,0.05,0.11,2026-02-01,-0.06
MIRA/O/O/OIN/24/05/0069,Mirae Asset Nifty 50 Index Fund,0.15,0.17,2026-02-01,-0.02
MIRA/O/O/OIN/24/05/0071,Mirae Asset Nifty Total Market Index Fund,0.26,0.28,2026-02-01,-0.02
MIRA/O/O/OIN/24/06/0070,Mirae Asset Nifty LargeMidcap 250 Index Fund,0.28,0.29,2026-02-01,-0.01
MOTO/O/E/ELS/14/12/0008,Motilal Oswal ELSS Tax Saver Fund,0.57,0.56,2026-02-01,0.01
MOTO/O/E/FCF/14/02/0007,Motilal Oswal Flexi Cap Fund,0.68,0.67,2026-02-01,0.01
MOTO/O/E/FOC/13/03/0004,Motilal Oswal Focused Fund,0.82,0.81,2026-02-01,0.01
MOTO/O/E/LCF/23/12/0045,Motilal Oswal Large Cap Fund,0.66,0.64,2026-02-01,0.02
MOTO/O/E/LMF/19/03/0013,Motilal Oswal Large and Midcap Fund,0.58,0.56,2026-02-01,0.02
MOTO/O/E/MCF/23/12/0048,Motilal Oswal Multi Cap Fund,0.59,0.66,2026-02-01,-0.07
MOTO/O/E/MIF/14/01/0006,Motilal Oswal Midcap Fund,0.63,0.61,2026-02-01,0.02
MOTO/O/E/SCF/23/10/0044,Motilal Oswal Small Cap Fund,0.54,0.58,2026-02-01,-0.04
MOTO/O/E/SEC/25/04/0074,Motilal Oswal Services Fund,1.3,0.9,2026-02-01,0.4
MOTO/O/E/THE/24/06/0052,Motilal Oswal Manufacturing Fund,0.75,0.82,2026-02-01,-0.07
MOTO/O/E/THE/24/06/0053,Motilal Oswal Business Cycle Fund,0.92,0.91,2026-02-01,0.01
MOTO/O/E/THE/24/07/0057,Motilal Oswal Digital India Fund,0.67,0.73,2026-02-01,-0.06
MOTO/O/E/THE/24/12/0068,Motilal Oswal Infrastructure Fund,1.3,0.9,2026-02-01,0.4
MOTO/O/E/THE/25/04/0082,Motilal Oswal Consumption Fund,0.51,0.33,2026-02-01,0.18
MOTO/O/H/DAA/16/08/0009,Motilal Oswal Balanced Advantage Fund,0.84,0.86,2026-02-01,-0.02
MOTO/O/O/EIN/20/03/0020,Motilal Oswal S&P 500 Index Fund,0.49,0.5,2026-02-01,-0.01
MOTO/O/O/EIN/21/12/0029,Motilal Oswal BSE Low Volatility Index Fund,0.28,0.26,2026-02-01,0.02
MOTO/O/O/FOD/18/10/0011,Motilal Oswal Nasdaq 100 Fund of Fund,0.14,0.13,2026-02-01,0.01
MOTO/O/O/FOD/25/09/0088,Motilal Oswal Diversified Equity Flexicap Passive Fund of Funds,0.06,0.04,2026-02-01,0.02
MOTO/O/O/OIN/24/05/0050,Motilal Oswal Nifty India Defence Index Fund,0.38,0.41,2026-02-01,-0.03
MOTO/O/O/OIN/24/07/0056,Motilal Oswal Nifty 500 Momentum 50 Index Fund,0.31,0.33,2026-02-01,-0.02
NIMF/I/D/XXX/07/02/0035,Nippon India Interval Fund-Quarterly Interval Fund Serie-II,0.05,0.1,2026-02-01,-0.05
NIMF/O/D/CBF/00/08/0004,Nippon India Corporate Bond Fund,0.32,0.31,2026-02-01,0.01
NIMF/O/D/LIF/00/12/0005,Nippon India Liquid Fund,0.2,0.18,2026-02-01,0.02
NIMF/O/D/LON/18/05/0065,Nippon India Nivesh Lakshya Long Duration Fund,0.3,0.29,2026-02-01,0.01
NIMF/O/D/MDF/14/03/0050,Nippon India Medium Duration Fund (Existing Number of Segregated Portfolios - 1),0.38,0.39,2026-02-01,-0.01
NIMF/O/D/SDF/02/10/0008,Nippon India Short Duration Fund,0.33,0.32,2026-02-01,0.01
NIMF/O/D/USD/00/12/0006,Nippon India Ultra Short Duration Fund,0.34,0.33,2026-02-01,0.01
NIMF/O/E/ELS/05/07/0027,Nippon India ELSS Tax Saver Fund,0.88,0.87,2026-02-01,0.01
NIMF/O/E/FCF/21/06/0115,Nippon India Flexi Cap Fund,0.34,0.35,2026-02-01,-0.01
NIMF/O/E/FOC/18/04/0064,Nippon India Focused Fund,0.92,0.93,2026-02-01,-0.01
NIMF/O/E/LCF/06/01/0028,Nippon India Large Cap Fund,0.52,0.51,2026-02-01,0.01
NIMF/O/E/LMF/95/08/0002,Nippon India Vision Large & Mid Cap Fund,0.96,0.95,2026-02-01,0.01
NIMF/O/E/MCF/05/01/0025,Nippon India Multi Cap Fund,0.57,0.55,2026-02-01,0.02
NIMF/O/E/MIF/95/08/0001,Nippon India Growth Mid Cap Fund,0.59,0.57,2026-02-01,0.02
NIMF/O/E/SCF/10/07/0044,Nippon India Small Cap Fund,0.53,0.51,2026-02-01,0.02
NIMF/O/E/SEC/03/04/0011,Nippon India Banking & Financial Services Fund,0.78,0.77,2026-02-01,0.01
NIMF/O/E/SEC/04/02/0014,Nippon India Pharma Fund,0.74,0.73,2026-02-01,0.01
NIMF/O/E/SEC/04/03/0015,Nippon India Power & Infra Fund,0.78,0.77,2026-02-01,0.01
NIMF/O/E/THE/04/04/0016,Nippon India Consumption Fund,0.47,0.46,2026-02-01,0.01
NIMF/O/E/THE/15/01/0056,Nippon India US Equity Opportunities Fund,1.02,1.03,2026-02-01,-0.01
NIMF/O/E/THE/21/10/0118,Nippon India Taiwan Equity Fund,0.86,0.87,2026-02-01,-0.01
NIMF/O/E/THE/23/02/0140,Nippon India Innovation Fund,0.52,0.51,2026-02-01,0.01
NIMF/O/E/VAF/04/11/0023,Nippon India Value Fund,0.88,0.87,2026-02-01,0.01
NIMF/O/H/ARB/10/03/0043,Nippon India Arbitrage Fund,0.33,0.29,2026-02-01,0.04
NIMF/O/H/DAA/04/04/0017,Nippon India Balanced Advantage Fund,0.44,0.43,2026-02-01,0.01
NIMF/O/H/ESF/14/12/0055,Nippon India Equity Savings Fund (Existing number of Segregated Portfolios - 2),0.59,0.43,2026-02-01,0.16
NIMF/O/H/MAA/20/01/0106,Nippon India Multi Asset Allocation Fund,0.17,0.18,2026-02-01,-0.01
NIMF/O/O/DET/25/06/0161,Nippon India Nifty 1D Rate Liquid ETF- Growth,0.44,0.42,2026-02-01,0.02
NIMF/O/O/DIN/22/09/0125,Nippon India Nifty AAA PSU Bond Plus SDL - Sep 2026 Maturity 50:50 Index Fund,0.19,0.18,2026-02-01,0.01
NIMF/O/O/EET/07/10/0037,Nippon India ETF Nifty PSU Bank BeES,0.45,0.43,2026-02-01,0.02
NIMF/O/O/EIN/20/03/0109,Nippon India Nifty Smallcap 250 Index Fund,0.32,0.31,2026-02-01,0.01
NIMF/O/O/EIN/21/10/0123,Nippon India Nifty Alpha Low Volatility30IndexFund,0.32,0.31,2026-02-01,0.01
NIMF/O/O/EIN/25/02/0164,NIPPON INDIA NIFTY INDIA MANUFACTURING INDEX FUND,0.25,0.24,2026-02-01,0.01
NIMF/O/O/FOD/20/01/0105,Nippon India Multi - Asset Omni FoF,0.06,0.05,2026-02-01,0.01
NIMF/O/S/RET/14/07/0052,Nippon India Retirement Fund- Wealth Creation Scheme,0.85,0.84,2026-02-01,0.01
NJMF/O/E/FCF/23/02/0005,NJ Flexi Cap Fund,0.38,0.37,2026-02-01,0.01
NSDL Code not allocated,UTI - Unit Linked Insurance Plan,0.85,0.86,2026-02-01,-0.01
OLDB/O/E/MCF/23/11/0001,Old Bridge Focused Fund,0.8,0.79,2026-02-01,0.01
PGIM/O/D/DBF/11/10/0012,PGIM India Dynamic Bond Fund,0.4,0.41,2026-02-01,-0.01
PGIM/O/D/MMF/19/12/0021,PGIM India Money Market Fund,0.2,0.19,2026-02-01,0.01
PGIM/O/D/ONF/19/02/0020,PGIM India Overnight Fund,0.14,0.16,2026-02-01,-0.02
PGIM/O/E/ELS/15/05/0017,PGIM India ELSS Tax Saver Fund,0.65,0.64,2026-02-01,0.01
PGIM/O/E/FCF/13/12/0015,PGIM India Flexi cap fund,0.34,0.38,2026-02-01,-0.04
PGIM/O/E/LCF/02/12/0003,PGIM India Large Cap Fund,0.69,0.68,2026-02-01,0.01
PGIM/O/E/LMF/23/07/0026,PGIM India Large and Midcap Fund,0.49,0.48,2026-02-01,0.01
PGIM/O/E/MIF/13/08/0014,PGIM India Midcap Fund,0.36,0.4,2026-02-01,-0.04
PGIM/O/E/SCF/21/06/0023,PGIM India Small Cap Fund,0.45,0.44,2026-02-01,0.01
PGIM/O/H/AHF/04/01/0006,PGIM India Aggressive Hybrid Equity Fund,0.63,0.64,2026-02-01,-0.01
PGIM/O/H/ARB/14/06/0016,PGIM India Arbitrage Fund,0.33,0.34,2026-02-01,-0.01
PGIM/O/H/BAF/20/09/0022,PGIM India Balanced Advantage Fund,0.46,0.47,2026-02-01,-0.01
PGIM/O/H/MAA/25/08/0030,PGIM India Multi Asset Allocation Fund,0.5,0.44,2026-02-01,0.06
PGIM/O/O/DIN/23/01/0025,PGIM India CRISIL IBX Gilt Index - Apr 2028 Fund,0.33,0.48,2026-02-01,-0.15
PGIM/O/O/FOO/10/02/0011,PGIM India Global Equity Opportunities Fund of Fund,0.49,0.48,2026-02-01,0.01
QNTM/O/D/GIL/22/11/0017,QUANT GILT FUND,0.31,0.28,2026-02-01,0.03
QNTM/O/D/LIF/05/09/0007,QUANT LIQUID FUND,0.19,0.2,2026-02-01,-0.01
QNTM/O/D/ONF/22/11/0016,QUANT OVERNIGHT FUND,0.14,0.11,2026-02-01,0.03
QNTM/O/E/DAA/23/02/0018,Quant Dynamic Asset Allocation Fund,0.62,0.65,2026-02-01,-0.03
QNTM/O/E/ELS/00/03/0002,Quant ELSS Tax Saver Fund,0.58,0.64,2026-02-01,-0.06
QNTM/O/E/FCF/08/08/0011,QUANT FLEXI CAP FUND,0.57,0.56,2026-02-01,0.01
QNTM/O/E/FOC/08/07/0010,QUANT FOCUSED FUND,0.67,0.66,2026-02-01,0.01
QNTM/O/E/LCF/22/05/0015,QUANT LARGE CAP FUND,0.39,0.38,2026-02-01,0.01
QNTM/O/E/LMF/06/11/0008,QUANT LARGE & MID CAP FUND,0.59,0.61,2026-02-01,-0.02
QNTM/O/E/MCF/01/02/0004,Quant Multi Cap Fund,0.54,0.56,2026-02-01,-0.02
QNTM/O/E/MIF/01/02/0003,QUANT MID CAP FUND,0.62,0.65,2026-02-01,-0.03
QNTM/O/E/SCF/96/09/0001,QUANT SMALL CAP FUND,0.61,0.63,2026-02-01,-0.02
QNTM/O/E/THE/07/07/0009,QUANT INFRASTRUCTURE FUND,0.59,0.64,2026-02-01,-0.05
QNTM/O/E/THE/20/09/0012,Quant ESG Integration Strategy Fund,0.76,0.74,2026-02-01,0.02
QNTM/O/E/THE/21/03/0013,QUANT QUANTAMENTAL FUND,0.65,0.69,2026-02-01,-0.04
QNTM/O/E/THE/23/03/0019,QUANT BUSINESS CYCLE FUND,0.56,0.57,2026-02-01,-0.01
QNTM/O/E/THE/23/03/0020,Quant BFSI Fund,0.62,0.6,2026-02-01,0.02
QNTM/O/E/THE/23/04/0022,Quant Manufacturing Fund,0.81,0.83,2026-02-01,-0.02
QNTM/O/E/THE/23/09/0024,Quant Momentum Fund,0.81,0.83,2026-02-01,-0.02
QNTM/O/E/THE/23/11/0026,Quant Consumption Fund,0.77,0.71,2026-02-01,0.06
QNTM/O/E/THE/23/11/0027,Quant PSU Fund,0.88,0.91,2026-02-01,-0.03
QNTM/O/E/VAF/21/10/0014,QUANT VALUE FUND,0.45,0.44,2026-02-01,0.01
QNTM/O/H/AHF/01/02/0005,Quant Aggressive Hybrid Fund,0.65,0.64,2026-02-01,0.01
QNTM/O/H/ARB/25/02/0028,Quant Arbitrage Fund,0.23,0.2,2026-02-01,0.03
QTMM/O/D/DBF/15/03/0009,QUANTUM DYNAMIC BOND FUND,0.45,0.44,2026-02-01,0.01
QTMM/O/H/MAA/23/09/0013,Quantum Multi Asset Allocation Fund,0.38,0.37,2026-02-01,0.01
SAMC/O/E/THE/23/04/0004,Samco Active Momentum Fund,0.7,0.75,2026-02-01,-0.05
SBIM/C/E/ELS/15/12/0048,SBI LONG TERM ADVANTAGE FUND - SERIES III,0.84,0.85,2026-02-01,-0.01
SBIM/C/E/ELS/16/12/0049,SBI Long Term Advantage Fund - Series IV,0.82,0.83,2026-02-01,-0.01
SBIM/C/E/ELS/17/12/0050,SBI Long Term Advantage Fund - Series V,0.88,0.89,2026-02-01,-0.01
SBIM/C/E/ELS/17/12/0051,SBI Long Term Advantage Fund - Series VI,0.89,0.9,2026-02-01,-0.01
SBIM/O/E/COF/99/04/0009,SBI CONTRA FUND,0.54,0.55,2026-02-01,-0.01
SBIM/O/E/DYF/23/01/0168,SBI Dividend Yield Fund,0.67,0.66,2026-02-01,0.01
SBIM/O/E/ELS/99/09/0014,SBI ELSS Tax Saver Fund,0.79,0.76,2026-02-01,0.03
SBIM/O/E/FCF/05/07/0026,SBI FLEXICAP FUND,0.67,0.66,2026-02-01,0.01
SBIM/O/E/FOC/99/04/0010,SBI Focused Fund,0.59,0.58,2026-02-01,0.01
SBIM/O/E/LCF/05/12/0027,SBI Large Cap Fund,0.64,0.63,2026-02-01,0.01
SBIM/O/E/LMF/98/04/0003,SBI LARGE & MIDCAP FUND,0.58,0.57,2026-02-01,0.01
SBIM/O/E/MCF/21/11/0144,SBI MultiCap Fund,0.66,0.67,2026-02-01,-0.01
SBIM/O/E/MIF/05/01/0023,SBI Midcap Fund,0.68,0.67,2026-02-01,0.01
SBIM/O/E/SCF/09/08/0033,SBI SMALL CAP FUND,0.61,0.6,2026-02-01,0.01
SBIM/O/E/SEC/05/06/0024,SBI Comma Fund,1.32,1.29,2026-02-01,0.03
SBIM/O/E/SEC/07/04/0029,SBI INFRASTRUCTURE FUND,0.87,0.84,2026-02-01,0.03
SBIM/O/E/SEC/10/02/0035,SBI PSU FUND,0.67,0.66,2026-02-01,0.01
SBIM/O/E/SEC/14/09/0039,SBI BANKING & FINANCIAL SERVICES FUND,0.58,0.57,2026-02-01,0.01
SBIM/O/E/SEC/99/04/0007,SBI TECHNOLOGY OPPORTUNITIES FUND,0.73,0.72,2026-02-01,0.01
SBIM/O/E/SEC/99/04/0008,SBI HEALTHCARE OPPORTUNITIES FUND,0.74,0.73,2026-02-01,0.01
SBIM/O/E/THE/24/01/0177,SBI Energy Opportunities Fund,0.65,0.63,2026-02-01,0.02
SBIM/O/E/THE/24/01/0178,SBI Automotive Opportunities Fund,0.67,0.65,2026-02-01,0.02
SBIM/O/E/THE/24/05/0182,SBI Innovative Opportunities Fund,0.73,0.74,2026-02-01,-0.01
SBIM/O/E/THE/24/06/0185,SBI Quant Fund,0.61,0.64,2026-02-01,-0.03
SBIM/O/E/THE/97/01/0001,SBI ESG Exclusionary Strategy Fund,1.09,1.1,2026-02-01,-0.01
SBIM/O/E/THE/99/04/0006,SBI CONSUMPTION OPPORTUNITIES FUND,0.74,0.73,2026-02-01,0.01
SBIM/O/E/THE/99/08/0013,SBI MNC Fund,1.02,1.01,2026-02-01,0.01
SBIM/O/H/AHF/97/12/0002,SBI EQUITY HYBRID FUND,0.55,0.56,2026-02-01,-0.01
SBIM/O/H/DAA/21/07/0133,SBI Balanced Advantage Fund,0.55,0.57,2026-02-01,-0.02
SBIM/O/H/ESF/15/01/0045,SBI EQUITY SAVINGS FUND,0.77,0.76,2026-02-01,0.01
SBIM/O/H/MAA/05/06/0025,SBI MULTI ASSET ALLOCATION FUND,0.47,0.46,2026-02-01,0.01
SBIM/O/O/FOD/11/08/0036,SBI GOLD FUND,0.1,0.2,2026-02-01,-0.1
SBIM/O/O/FOD/24/05/0180,SBI Silver ETF Fund of Fund,0.28,0.26,2026-02-01,0.02
SBIM/O/O/FOD/25/04/0195,SBI Dynamic Asset Allocation Active FoF,0.2,0.21,2026-02-01,-0.01
SBIM/O/S/CHI/20/06/0116,SBI Children's Fund - Investment Plan,0.71,0.7,2026-02-01,0.01
SBIM/O/S/RET/20/01/0111,SBI Retirement Benefit Fund - Aggressive Plan,0.76,0.75,2026-02-01,0.01
SBIM/O/S/RET/20/01/0112,SBI Retirement Benefit Fund - Aggressive Hybrid Plan,0.9,0.89,2026-02-01,0.01
SUND/O/D/USD/07/07/0021,Sundaram Ultra Short Duration Fund (Formerly Known as Principal Ultra Short Term Fund),0.2,0.21,2026-02-01,-0.01
SUND/O/E/DYF/04/08/0012,Sundaram Dividend Yield Fund (Formerly Known as Principal Dividend Yield Fund),0.85,0.84,2026-02-01,0.01
SUND/O/E/ELS/95/12/0001,Sundaram ELSS Tax Saver Fund,1.32,1.31,2026-02-01,0.01
SUND/O/E/ELS/99/08/0004,Sundaram Value Fund,1.39,1.38,2026-02-01,0.01
SUND/O/E/FCF/22/07/0052,Sundaram Flexicap Fund,0.56,0.55,2026-02-01,0.01
SUND/O/E/FOC/05/05/0016,Sundaram Focused Fund (Formerly Known as Principal Focused Multicap Fund),1.01,1.0,2026-02-01,0.01
SUND/O/E/LCF/20/01/0051,Sundaram Large Cap Fund ( Formerly Know as Sundaram Blue Chip Fund),0.53,0.52,2026-02-01,0.01
SUND/O/E/LMF/06/12/0019,Sundaram Large and Midcap Fund,0.54,0.53,2026-02-01,0.01
SUND/O/E/MCF/00/09/0006,Sundaram Multi Cap Fund (Formerly Known as Principal Multi Cap Growth Fund),0.72,0.71,2026-02-01,0.01
SUND/O/E/SCF/04/12/0013,Sundaram Small Cap Fund,0.67,0.66,2026-02-01,0.01
SUND/O/E/SEC/08/03/0022,Sundaram Financial Services Opportunities Fund,0.62,0.61,2026-02-01,0.01
SUND/O/E/THE/05/06/0017,Sundaram Infrastructure Advantage Fund (Erstwhile Sundaram Capex Opportunities),1.32,1.31,2026-02-01,0.01
SUND/O/E/THE/05/06/0018,Sundaram Consumption Fund (Formerly Known as Sundaram Rural and Consumption Fund),0.99,0.98,2026-02-01,0.01
SUND/O/E/THE/18/07/0047,Sundaram Services Fund,0.52,0.53,2026-02-01,-0.01
SUND/O/E/THE/24/04/0054,Sundaram Business Cycle Fund,0.47,0.46,2026-02-01,0.01
SUND/O/E/THE/25/04/0055,Sundaram Multi-Factor Fund,0.46,0.45,2026-02-01,0.01
SUND/O/H/ARB/15/09/0026,Sundaram Arbitrage Fund(Formerly Known as Prinicpal Arbitrage Fund),0.26,0.25,2026-02-01,0.01
SUND/O/H/BAF/10/09/0024,Sundaram Balanced Advantage Fund (Formerly Known as Principal Balanced Advantage Fund),0.46,0.47,2026-02-01,-0.01
SUND/O/H/BHF/99/12/0005,Sundaram Aggressive Hybrid Fund (Formerly Known as Principal Hybrid Equity Fund),0.59,0.6,2026-02-01,-0.01
SUND/O/H/MAA/23/12/0053,Sundaram Multi Asset Allocation Fund,0.29,0.3,2026-02-01,-0.01
SUND/O/O/FOD/25/09/0056,Sundaram Income Plus Arbitrage Active FoF,0.41,0.39,2026-02-01,0.02
TATA/O/E /MCF/22/10/0053,Tata Multicap Fund,0.36,0.35,2026-02-01,0.01
TATA/O/E/DYF/21/03/0042,Tata Dividend Yield Fund,0.42,0.48,2026-02-01,-0.06
TATA/O/E/ELS/95/11/0005,Tata Elss Fund,0.65,0.64,2026-02-01,0.01
TATA/O/E/FCF/18/05/0029,Tata Flexi Cap Fund,0.49,0.48,2026-02-01,0.01
TATA/O/E/FOC/19/10/0040,Tata Focused Fund,0.51,0.55,2026-02-01,-0.04
TATA/O/E/LCF/98/02/0009,Tata Large Cap Fund,0.8,0.79,2026-02-01,0.01
TATA/O/E/LMF/93/01/0001,Tata Large & Mid Cap Fund,0.57,0.56,2026-02-01,0.01
TATA/O/E/MIF/94/05/0002,Tata Mid Cap Fund,0.52,0.51,2026-02-01,0.01
TATA/O/E/SCF/18/08/0033,Tata Small Cap Fund,0.32,0.31,2026-02-01,0.01
TATA/O/E/SEC/04/08/0019,Tata Infrastructure Fund,0.98,0.96,2026-02-01,0.02
TATA/O/E/SEC/15/10/0024,Tata Banking & Financial Services Fund,0.41,0.4,2026-02-01,0.01
TATA/O/E/SEC/15/10/0025,Tata Digital India Fund,0.39,0.4,2026-02-01,-0.01
TATA/O/E/SEC/15/10/0026,Tata India Consumer Fund,0.61,0.6,2026-02-01,0.01
TATA/O/E/SEC/15/10/0027,Tata India Pharma & Healthcare Fund,0.57,0.56,2026-02-01,0.01
TATA/O/E/SEC/15/10/0028,Tata Resources & Energy Fund,0.48,0.46,2026-02-01,0.02
TATA/O/E/THE/21/06/0045,Tata Business Cycle Fund,0.39,0.46,2026-02-01,-0.07
TATA/O/E/THE/22/07/0049,Tata Housing Opportunities Fund,0.59,0.65,2026-02-01,-0.06
TATA/O/E/THE/24/10/0072,Tata India Innovation Fund,0.44,0.51,2026-02-01,-0.07
TATA/O/E/THE/96/02/0006,Tata Ethical Fund,0.51,0.57,2026-02-01,-0.06
TATA/O/E/VAF/04/02/0018,Tata Value Fund,0.65,0.64,2026-02-01,0.01
TATA/O/H/AHF/95/07/0003,Tata Aggressive Hybrid Fund,0.8,0.79,2026-02-01,0.01
TATA/O/H/ARB/18/06/0030,Tata Arbitrage Fund,0.27,0.28,2026-02-01,-0.01
TATA/O/H/BAF/18/07/0031,Tata Balanced Advantage Fund,0.33,0.39,2026-02-01,-0.06
TATA/O/H/ESF/97/02/0007,Tata Equity Savings Fund,0.46,0.52,2026-02-01,-0.06
TATA/O/H/MAA/19/09/0039,Tata Multi Asset Allocation Fund,0.29,0.34,2026-02-01,-0.05
TATA/O/O /DIN/22/11/0054,TATA NIFTY G-SEC DEC 2029 INDEX FUND,0.12,0.11,2026-02-01,0.01
TATA/O/O/FOD/23/12/0056,Tata Silver Etf Fund Of Fund,0.12,0.18,2026-02-01,-0.06
TATA/O/O/FOD/23/12/0057,Tata Gold Etf Fund Of Fund,0.17,0.23,2026-02-01,-0.06
TATA/O/O/FOD/25/04/0076,Tata Income Plus Arbitrage Active FOF,0.02,0.01,2026-02-01,0.01
TATA/O/O/OIN/24/02/0062,TATA NIFTY FINANCIAL SERVICES INDEX FUND,0.36,0.37,2026-02-01,-0.01
TATA/O/O/OIN/24/03/0067,TATA NIFTY500 MULTICAP INFRASTRUCTURE 50:30:20 INDEX FUND,0.36,0.37,2026-02-01,-0.01
TATA/O/O/OIN/25/02/0075,Tata BSE Quality Index Fund,0.24,0.25,2026-02-01,-0.01
TATA/O/O/OIN/25/05/0077,Tata Nifty Midcap 150 Index Fund,0.04,0.05,2026-02-01,-0.01
TATA/O/O/OIN/25/08/0078,Tata Nifty Next 50 Index Fund,0.14,0.15,2026-02-01,-0.01
TATA/O/O/OIN/25/11/0079,Tata Bse Multicap Consumption 50:30:20 Index Fund,0.19,0.2,2026-02-01,-0.01
TATA/O/S/CHI/95/07/0004,Tata Childrens Fund,1.72,1.7,2026-02-01,0.02
TATA/O/S/RET/11/06/0021,Tata Retirement Savings Fund-Conservative Plan,0.8,0.83,2026-02-01,-0.03
TATA/O/S/RET/11/06/0022,Tata Retirement Savings Fund-Moderate Plan,0.48,0.54,2026-02-01,-0.06
TATA/O/S/RET/11/06/0023,Tata Retirement Savings Fund-Progressive Plan,0.5,0.49,2026-02-01,0.01
TAUR/O/E/EIN/10/03/0007,Taurus Nifty 50 Index Fund,0.72,0.63,2026-02-01,0.09
TAUR/O/E/ELS/01/02/0003,Taurus ELSS Tax Saver Fund,1.56,1.45,2026-02-01,0.11
TAUR/O/E/FCF/94/01/0001,Taurus Flexi Cap Fund,2.16,2.14,2026-02-01,0.02
TAUR/O/E/LCF/02/01/0004,Taurus Large Cap Fund,2.04,1.96,2026-02-01,0.08
TAUR/O/E/MIF/00/02/0002,Taurus Mid Cap Fund,1.75,1.61,2026-02-01,0.14
TAUR/O/E/SEC/06/08/0005,Taurus Infrastructure Fund,1.64,1.34,2026-02-01,0.3
TAUR/O/E/SEC/11/11/0008,Taurus Banking & Financial Services Fund,1.37,1.59,2026-02-01,-0.22
TAUR/O/E/THE/08/11/0006,Taurus Ethical Fund,0.77,0.51,2026-02-01,0.26
TWCF/O/H/MAA/25/09/0005,THE WEALTH COMPANY MULTI ASSET ALLOCATION FUND,0.31,0.32,2026-02-01,-0.01
ULIS Scheme code not Alloted,LIC MF Unit Linked Insurance Scheme (ULIS),1.27,1.28,2026-02-01,-0.01
UNIN/O/E/ELS/11/08/0003,Union ELSS Tax Saver Fund (Formerly Union Tax Saver (ELSS) Fund,1.15,1.14,2026-02-01,0.01
UNIN/O/E/FCF/11/04/0001,Union Flexi Cap Fund,0.77,0.76,2026-02-01,0.01
UNIN/O/E/LMF/19/09/0014,Union Large & Midcap Fund,0.84,0.83,2026-02-01,0.01
UNIN/O/E/MCF/22/07/0021,Union Multicap Fund,0.83,0.82,2026-02-01,0.01
UNIN/O/E/MIF/19/12/0016,Union Midcap Fund,0.6,0.59,2026-02-01,0.01
UNIN/O/E/SCF/14/03/0005,Union Small Cap Fund,0.8,0.78,2026-02-01,0.02
UNIN/O/E/THE/23/02/0023,Union Innovation & Opportunities Fund,0.68,0.66,2026-02-01,0.02
UNIN/O/E/THE/24/01/0025,Union Business Cycle Fund,1.29,1.28,2026-02-01,0.01
UNIN/O/H /MAA/24/07/0026,Union Multi Asset Allocation Fund,0.83,0.81,2026-02-01,0.02
UNIN/O/H/ARB/18/12/0011,Union Arbitrage Fund,0.35,0.34,2026-02-01,0.01
UTIM/O/D/BPF/13/09/0055,UTI Banking & PSU Fund,0.17,0.18,2026-02-01,-0.01
UTIM/O/D/CRF/12/06/0053,UTI - Credit Risk Fund.,0.7,0.75,2026-02-01,-0.05
UTIM/O/D/DBF/07/11/0042,UTI - Dynamic Bond Fund.,0.63,0.64,2026-02-01,-0.01
UTIM/O/D/DIN/22/10/0105,UTI CRISIL SDL Maturity June 2027 Index Fund,0.13,0.14,2026-02-01,-0.01
UTIM/O/D/FLF/18/07/0073,UTI - Floater Fund,0.34,0.36,2026-02-01,-0.02
UTIM/O/D/GIL/02/01/0014,UTI - Gilt Fund,0.43,0.37,2026-02-01,0.06
UTIM/O/D/MDF/13/05/0054,UTI Medium Duration Fund,0.62,0.65,2026-02-01,-0.03
UTIM/O/D/MLD/98/05/0007,UTI Medium to Long Duration Fund,1.06,1.08,2026-02-01,-0.02
UTIM/O/D/USD/03/08/0018,UTI Ultra Short Duration Fund,0.29,0.28,2026-02-01,0.01
UTIM/O/E/DYF/05/03/0024,UTI - Dividend Yield Fund,1.2,1.18,2026-02-01,0.02
UTIM/O/E/EIN/23/02/0113,UTI Nifty 500 Value 50 Index Fund,0.53,0.54,2026-02-01,-0.01
UTIM/O/E/EIN/24/07/0122,UTI Nifty Private Bank Index Fund,0.55,0.54,2026-02-01,0.01
UTIM/O/E/EIN/24/07/0123,UTI Nifty 200 Quality 30 Index Fund,0.58,0.59,2026-02-01,-0.01
UTIM/O/E/EIN/24/07/0125,UTI Nifty Midcap 150 Index Fund,0.57,0.58,2026-02-01,-0.01
UTIM/O/E/EIN/24/07/0128,UTI Nifty Midsmallcap 400 Momentum Quality 100 Index Fund,0.53,0.55,2026-02-01,-0.02
UTIM/O/E/ELS/99/10/0012,UTI ELSS Tax Saver Fund,0.79,0.81,2026-02-01,-0.02
UTIM/O/E/FCF/92/05/0002,UTI - Flexi Cap Fund.,0.85,0.86,2026-02-01,-0.01
UTIM/O/E/FOC/21/05/0096,UTI Focused Fund,0.5,0.49,2026-02-01,0.01
UTIM/O/E/LCF/86/10/0001,UTI - Large Cap Fund,0.75,0.74,2026-02-01,0.01
UTIM/O/E/LMF/09/05/0052,UTI Large & Mid Cap Fund,0.74,0.73,2026-02-01,0.01
UTIM/O/E/MCF/24/12/0130,UTI Multi Cap Fund,0.59,0.58,2026-02-01,0.01
UTIM/O/E/MIF/04/01/0020,UTI - Mid Cap Fund,0.73,0.74,2026-02-01,-0.01
UTIM/O/E/SCF/20/03/0094,UTI Small Cap Fund,0.5,0.52,2026-02-01,-0.02
UTIM/O/E/SEC/04/01/0022,UTI - Banking and Financial Services Fund,0.87,0.86,2026-02-01,0.01
UTIM/O/E/SEC/04/01/0023,UTI - Transportation and Logistics Fund,0.67,0.66,2026-02-01,0.01
UTIM/O/E/SEC/99/05/0009,UTI - Healthcare Fund,1.07,1.05,2026-02-01,0.02
UTIM/O/E/THE/04/01/0021,UTI - Infrastructure Fund,1.63,1.61,2026-02-01,0.02
UTIM/O/E/THE/07/05/0033,UTI - India Consumer Fund,1.32,1.31,2026-02-01,0.01
UTIM/O/E/THE/23/03/0118,UTI Innovation Fund,0.7,0.75,2026-02-01,-0.05
UTIM/O/E/THE/24/10/0126,UTI Quant Fund,0.28,0.32,2026-02-01,-0.04
UTIM/O/E/THE/98/05/0008,UTI - MNC Fund,1.04,1.05,2026-02-01,-0.01
UTIM/O/H/AHF/95/01/0005,UTI Aggressive Hybrid Fund,0.99,0.97,2026-02-01,0.02
UTIM/O/H/ARB/06/01/0026,UTI - Arbitrage Fund,0.22,0.23,2026-02-01,-0.01
UTIM/O/H/BAF/23/05/0116,UTI Balanced Advantage Fund,0.43,0.46,2026-02-01,-0.03
UTIM/O/H/ESF/18/06/0064,UTI - Equity Savings Fund,0.49,0.52,2026-02-01,-0.03
UTIM/O/H/MAA/08/09/0051,UTI Multi Asset Allocation Fund,0.44,0.46,2026-02-01,-0.02
UTIM/O/O/EIN/20/12/0095,UTI Nifty 200 Momentum 30 Index Fund,0.38,0.37,2026-02-01,0.01
UTIM/O/O/EIN/21/09/0098,UTI Nifty Midcap 150 Quality 50 Index Fund,0.52,0.51,2026-02-01,0.01
UTIM/O/O/FOD/22/08/0101,UTI Gold ETF Fund of Fund,0.16,0.17,2026-02-01,-0.01
UTIM/O/S/DIN/22/10/0109,UTI NIFTY SDL Plus AAA PSU Bond Apr 2028- 75:25 Index Fund,0.16,0.17,2026-02-01,-0.01
UTIM/O/S/RET/94/11/0004,UTI Retirement Fund,0.93,0.92,2026-02-01,0.01
UTIM/OS/CHI/08/01/0043,UTI Children's Equity Fund,0.98,0.99,2026-02-01,-0.01
WHIT/O/D/USD/18/11/0002,WhiteOak Capital Ultra Short Duration Fund,0.44,0.45,2026-02-01,-0.01
WHIT/O/E/FCF/22/03/0004,WhiteOak Capital Flexi Cap Fund,0.4,0.39,2026-02-01,0.01
WHIT/O/E/LCF/22/06/0007,WhiteOak Capital Large Cap Fund,0.47,0.48,2026-02-01,-0.01
WHIT/O/E/LMF/23/10/0013,WhiteOak Capital Large & Mid Cap Fund,0.43,0.44,2026-02-01,-0.01
WHIT/O/E/MCF/23/08/0011,WhiteOak Capital Multi Cap Fund,0.4,0.43,2026-02-01,-0.03
WHIT/O/E/MIF/22/05/0005,WhiteOak Capital Mid Cap Fund,0.42,0.43,2026-02-01,-0.01
WHIT/O/E/SEC/23/12/0015,WhiteOak Capital Pharma and Healthcare Fund,0.53,0.54,2026-02-01,-0.01
WHIT/O/E/THE/23/10/0014,WhiteOak Capital Banking & Financial Services Fund,0.51,0.52,2026-02-01,-0.01
WHIT/O/E/THE/24/04/0016,Whiteoak Capital Special Opportunities Fund,0.46,0.5,2026-02-01,-0.04
WHIT/O/E/THE/24/09/0019,WhiteOak Capital ESG Best-In-Class Strategy Fund,0.52,0.54,2026-02-01,-0.02
WHIT/O/E/THE/24/11/0020,WhiteOak Capital Quality Equity Fund,0.52,0.55,2026-02-01,-0.03
WHIT/O/H/ARB/24/05/0017,WhiteOak Capital Arbitrage Fund,0.28,0.29,2026-02-01,-0.01
WHIT/O/H/BAF/22/10/0008,WhiteOak Capital Balanced Advantage Fund,0.46,0.49,2026-02-01,-0.03
WHIT/O/H/BHF/23/08/0012,WhiteOak Capital Balanced Hybrid Fund,0.44,0.45,2026-02-01,-0.01
WHIT/O/H/ESF/25/01/0021,WhiteOak Capital Equity Savings Fund,0.46,0.52,2026-02-01,-0.06
WHIT/O/H/MAA/23/02/0010,WhiteOak Capital Multi Asset Allocation Fund,0.27,0.29,2026-02-01,-0.02
ZERO/O/O/DET/25/07/0012,Zerodha Nifty 8-13 Yr G-Sec ETF,0.06,0.05,2026-02-01,0.01
